﻿<?xml version="1.0" encoding="utf-8"?>
<resources>
  <!--@color/primary-->
  <!--@color/accent-->
  <!--@color/white-->
  <!--@color/text_color_in_between-->
  <!--Get colors from: http://www.materialpalette.com/-->

  <color name="accent">#f65599</color>
  <color name="primary">#4d0316</color>
  
  <color name="primaryDark">#31681f</color>
  <color name="textLight_color">#ffffff</color>

  <color name="StartColorToolBar">@color/textLight_color</color>
  <color name="EndColorToolBar">#efefef</color>

  <color name="StartColorToolBarDark">#444444</color>
  <color name="EndColorToolBarDark">#282828</color>

  <color name="CircleMenu_color">#CCffffff</color>
  <color name="CircleMenu_colorDark">#CC000000</color>


  <color name="textDark_color">#444</color>
  <color name="text_color_in_between">#888888</color>
  <color name="lightcolor">#efefef</color>
  <color name="anderblack_color">#ffefefef</color>
  <color name="lightPrimary">#B3E5FC</color>
  <color name="textIcon">@color/textLight_color</color>
  <color name="primaryText">#212121</color>
  <color name="secondaryText">#727272</color>
  <color name="divider">#B6B6B6</color>
  <color name="activated_color">#E8E8E8</color>
  <color name="white">@color/textLight_color</color>
  <color name="count_color">#a5a5a5</color>
  
  <color name="Dialog_Accent_color">#c7ac56</color>
  <color name="Dialog_text_color">#fafafa</color>
  <color name="Dialog_background_color">#5c8487</color>
  <color name="Dialog_Btn_color">#992e49</color>

  <color name="AutoLinkText_ModePhone_color">#008000</color>
  <color name="AutoLinkText_ModeEmail_color">#3e0e4c</color>
  <color name="AutoLinkText_ModeHashtag_color">#0000ff</color>
  <color name="AutoLinkText_ModeUrl_color">#df541e</color>
  <color name="AutoLinkText_ModeMention_color">#ff0000</color>

  <color name="right_ModePhone_color">@color/textLight_color</color>
  <color name="right_ModeEmail_color">@color/textLight_color</color>
  <color name="right_ModeHashtag_color">@color/textLight_color</color>
  <color name="right_ModeUrl_color">@color/textLight_color</color>
  <color name="right_ModeMention_color">@color/textLight_color</color>

  <!-- Editor -->
  <color name="black">#000000</color>
  <color name="blue_color_picker">#0066FF</color>
  <color name="brown_color_picker">#AF593E</color>
  <color name="green_color_picker">#01A368</color>
  <color name="orange_color_picker">#FF861F</color>
  <color name="red_color_picker">#ED0A3F</color>
  <color name="red_orange_color_picker">#FF3F34</color>
  <color name="sky_blue_color_picker">#76D7EA</color>
  <color name="violet_color_picker">#8359A3</color>
  <color name="yellow_color_picker">#FBE870</color>
  <color name="yellow_green_color_picker">#C5E17A</color>
  <color name="tool_bg">#151414</color>
  <color name="filter_label_normal">#8A8889</color>
  <color name="filter_label_selected">#221F20</color>

  <color name="gnt_test_background_color">#00F4F4F4</color>
  <color name="gnt_test_background_color_2">#00A3A3A3</color>
  <color name="gnt_black">#000000</color>
  <color name="gnt_white">@color/textLight_color</color>
  <color name="gnt_red">#FF0000</color>
  <color name="gnt_green">#00FF00</color>
  <color name="gnt_blue">#4285f4</color>
  <color name="gnt_ad_green">#3A6728</color>
  <color name="gnt_gray">#808080</color>
  <color name="gnt_outline">#E0E0E0</color>
 
  <color name="Splash_background_color">@color/textLight_color</color>
  <color name="Post_IsVerified">#55acee</color>
  <color name="Post_IsBusiness">#ff6a3c</color>

</resources>